Escuela,Programa,Desde,Hasta,Generado,Actor,Codigo,Encuestados,MuyFavorable,Favorable,Desfavorable,MuyDesfavorable,NoAplica
ESCRIBA_LA_ESCUELA,ESCRIBA_EL_PROGRAMA,AAAA-MM-DD,AAAA-MM-DD,,Estudiantes,C01,0,0,0,0,0,0
ESCRIBA_LA_ESCUELA,ESCRIBA_EL_PROGRAMA,AAAA-MM-DD,AAAA-MM-DD,,Estudiantes,C02,0,0,0,0,0,0
ESCRIBA_LA_ESCUELA,ESCRIBA_EL_PROGRAMA,AAAA-MM-DD,AAAA-MM-DD,,Estudiantes,C03,0,0,0,0,0,0
ESCRIBA_LA_ESCUELA,ESCRIBA_EL_PROGRAMA,AAAA-MM-DD,AAAA-MM-DD,,Estudiantes,C04,0,0,0,0,0,0
ESCRIBA_LA_ESCUELA,ESCRIBA_EL_PROGRAMA,AAAA-MM-DD,AAAA-MM-DD,,Estudiantes,C05,0,0,0,0,0,0
ESCRIBA_LA_ESCUELA,ESCRIBA_EL_PROGRAMA,AAAA-MM-DD,AAAA-MM-DD,,Estudiantes,C06,0,0,0,0,0,0
ESCRIBA_LA_ESCUELA,ESCRIBA_EL_PROGRAMA,AAAA-MM-DD,AAAA-MM-DD,,Estudiantes,C07,0,0,0,0,0,0
ESCRIBA_LA_ESCUELA,ESCRIBA_EL_PROGRAMA,AAAA-MM-DD,AAAA-MM-DD,,Estudiantes,C10,0,0,0,0,0,0
ESCRIBA_LA_ESCUELA,ESCRIBA_EL_PROGRAMA,AAAA-MM-DD,AAAA-MM-DD,,Estudiantes,C13,0,0,0,0,0,0
ESCRIBA_LA_ESCUELA,ESCRIBA_EL_PROGRAMA,AAAA-MM-DD,AAAA-MM-DD,,Estudiantes,C14,0,0,0,0,0,0
ESCRIBA_LA_ESCUELA,ESCRIBA_EL_PROGRAMA,AAAA-MM-DD,AAAA-MM-DD,,Estudiantes,C17,0,0,0,0,0,0
ESCRIBA_LA_ESCUELA,ESCRIBA_EL_PROGRAMA,AAAA-MM-DD,AAAA-MM-DD,,Estudiantes,C18,0,0,0,0,0,0
ESCRIBA_LA_ESCUELA,ESCRIBA_EL_PROGRAMA,AAAA-MM-DD,AAAA-MM-DD,,Estudiantes,C19,0,0,0,0,0,0
ESCRIBA_LA_ESCUELA,ESCRIBA_EL_PROGRAMA,AAAA-MM-DD,AAAA-MM-DD,,Estudiantes,C20,0,0,0,0,0,0
ESCRIBA_LA_ESCUELA,ESCRIBA_EL_PROGRAMA,AAAA-MM-DD,AAAA-MM-DD,,Estudiantes,C21,0,0,0,0,0,0
ESCRIBA_LA_ESCUELA,ESCRIBA_EL_PROGRAMA,AAAA-MM-DD,AAAA-MM-DD,,Estudiantes,C22,0,0,0,0,0,0
ESCRIBA_LA_ESCUELA,ESCRIBA_EL_PROGRAMA,AAAA-MM-DD,AAAA-MM-DD,,Estudiantes,C23,0,0,0,0,0,0
ESCRIBA_LA_ESCUELA,ESCRIBA_EL_PROGRAMA,AAAA-MM-DD,AAAA-MM-DD,,Estudiantes,C25,0,0,0,0,0,0
ESCRIBA_LA_ESCUELA,ESCRIBA_EL_PROGRAMA,AAAA-MM-DD,AAAA-MM-DD,,Estudiantes,C27,0,0,0,0,0,0
ESCRIBA_LA_ESCUELA,ESCRIBA_EL_PROGRAMA,AAAA-MM-DD,AAAA-MM-DD,,Estudiantes,C28,0,0,0,0,0,0
ESCRIBA_LA_ESCUELA,ESCRIBA_EL_PROGRAMA,AAAA-MM-DD,AAAA-MM-DD,,Estudiantes,C29,0,0,0,0,0,0
ESCRIBA_LA_ESCUELA,ESCRIBA_EL_PROGRAMA,AAAA-MM-DD,AAAA-MM-DD,,Estudiantes,C30,0,0,0,0,0,0
ESCRIBA_LA_ESCUELA,ESCRIBA_EL_PROGRAMA,AAAA-MM-DD,AAAA-MM-DD,,Estudiantes,C31,0,0,0,0,0,0
ESCRIBA_LA_ESCUELA,ESCRIBA_EL_PROGRAMA,AAAA-MM-DD,AAAA-MM-DD,,Estudiantes,C33,0,0,0,0,0,0
ESCRIBA_LA_ESCUELA,ESCRIBA_EL_PROGRAMA,AAAA-MM-DD,AAAA-MM-DD,,Estudiantes,C36,0,0,0,0,0,0
ESCRIBA_LA_ESCUELA,ESCRIBA_EL_PROGRAMA,AAAA-MM-DD,AAAA-MM-DD,,Estudiantes,C37,0,0,0,0,0,0
ESCRIBA_LA_ESCUELA,ESCRIBA_EL_PROGRAMA,AAAA-MM-DD,AAAA-MM-DD,,Estudiantes,C38,0,0,0,0,0,0
ESCRIBA_LA_ESCUELA,ESCRIBA_EL_PROGRAMA,AAAA-MM-DD,AAAA-MM-DD,,Estudiantes,C39,0,0,0,0,0,0
ESCRIBA_LA_ESCUELA,ESCRIBA_EL_PROGRAMA,AAAA-MM-DD,AAAA-MM-DD,,Estudiantes,C40,0,0,0,0,0,0
ESCRIBA_LA_ESCUELA,ESCRIBA_EL_PROGRAMA,AAAA-MM-DD,AAAA-MM-DD,,Estudiantes,C41,0,0,0,0,0,0
ESCRIBA_LA_ESCUELA,ESCRIBA_EL_PROGRAMA,AAAA-MM-DD,AAAA-MM-DD,,Estudiantes,C42,0,0,0,0,0,0
ESCRIBA_LA_ESCUELA,ESCRIBA_EL_PROGRAMA,AAAA-MM-DD,AAAA-MM-DD,,Estudiantes,C43,0,0,0,0,0,0
ESCRIBA_LA_ESCUELA,ESCRIBA_EL_PROGRAMA,AAAA-MM-DD,AAAA-MM-DD,,Estudiantes,C44,0,0,0,0,0,0
ESCRIBA_LA_ESCUELA,ESCRIBA_EL_PROGRAMA,AAAA-MM-DD,AAAA-MM-DD,,Estudiantes,C45,0,0,0,0,0,0
ESCRIBA_LA_ESCUELA,ESCRIBA_EL_PROGRAMA,AAAA-MM-DD,AAAA-MM-DD,,Estudiantes,C46,0,0,0,0,0,0
ESCRIBA_LA_ESCUELA,ESCRIBA_EL_PROGRAMA,AAAA-MM-DD,AAAA-MM-DD,,Estudiantes,C49,0,0,0,0,0,0
ESCRIBA_LA_ESCUELA,ESCRIBA_EL_PROGRAMA,AAAA-MM-DD,AAAA-MM-DD,,Estudiantes,C51,0,0,0,0,0,0
ESCRIBA_LA_ESCUELA,ESCRIBA_EL_PROGRAMA,AAAA-MM-DD,AAAA-MM-DD,,Profesores,C01,0,0,0,0,0,0
ESCRIBA_LA_ESCUELA,ESCRIBA_EL_PROGRAMA,AAAA-MM-DD,AAAA-MM-DD,,Profesores,C05,0,0,0,0,0,0
ESCRIBA_LA_ESCUELA,ESCRIBA_EL_PROGRAMA,AAAA-MM-DD,AAAA-MM-DD,,Profesores,C06,0,0,0,0,0,0
ESCRIBA_LA_ESCUELA,ESCRIBA_EL_PROGRAMA,AAAA-MM-DD,AAAA-MM-DD,,Profesores,C08,0,0,0,0,0,0
ESCRIBA_LA_ESCUELA,ESCRIBA_EL_PROGRAMA,AAAA-MM-DD,AAAA-MM-DD,,Profesores,C09,0,0,0,0,0,0
ESCRIBA_LA_ESCUELA,ESCRIBA_EL_PROGRAMA,AAAA-MM-DD,AAAA-MM-DD,,Profesores,C10,0,0,0,0,0,0
ESCRIBA_LA_ESCUELA,ESCRIBA_EL_PROGRAMA,AAAA-MM-DD,AAAA-MM-DD,,Profesores,C11,0,0,0,0,0,0
ESCRIBA_LA_ESCUELA,ESCRIBA_EL_PROGRAMA,AAAA-MM-DD,AAAA-MM-DD,,Profesores,C12,0,0,0,0,0,0
ESCRIBA_LA_ESCUELA,ESCRIBA_EL_PROGRAMA,AAAA-MM-DD,AAAA-MM-DD,,Profesores,C14,0,0,0,0,0,0
ESCRIBA_LA_ESCUELA,ESCRIBA_EL_PROGRAMA,AAAA-MM-DD,AAAA-MM-DD,,Profesores,C17,0,0,0,0,0,0
ESCRIBA_LA_ESCUELA,ESCRIBA_EL_PROGRAMA,AAAA-MM-DD,AAAA-MM-DD,,Profesores,C18,0,0,0,0,0,0
ESCRIBA_LA_ESCUELA,ESCRIBA_EL_PROGRAMA,AAAA-MM-DD,AAAA-MM-DD,,Profesores,C19,0,0,0,0,0,0
ESCRIBA_LA_ESCUELA,ESCRIBA_EL_PROGRAMA,AAAA-MM-DD,AAAA-MM-DD,,Profesores,C20,0,0,0,0,0,0
ESCRIBA_LA_ESCUELA,ESCRIBA_EL_PROGRAMA,AAAA-MM-DD,AAAA-MM-DD,,Profesores,C23,0,0,0,0,0,0
ESCRIBA_LA_ESCUELA,ESCRIBA_EL_PROGRAMA,AAAA-MM-DD,AAAA-MM-DD,,Profesores,C24,0,0,0,0,0,0
ESCRIBA_LA_ESCUELA,ESCRIBA_EL_PROGRAMA,AAAA-MM-DD,AAAA-MM-DD,,Profesores,C26,0,0,0,0,0,0
ESCRIBA_LA_ESCUELA,ESCRIBA_EL_PROGRAMA,AAAA-MM-DD,AAAA-MM-DD,,Profesores,C27,0,0,0,0,0,0
ESCRIBA_LA_ESCUELA,ESCRIBA_EL_PROGRAMA,AAAA-MM-DD,AAAA-MM-DD,,Profesores,C28,0,0,0,0,0,0
ESCRIBA_LA_ESCUELA,ESCRIBA_EL_PROGRAMA,AAAA-MM-DD,AAAA-MM-DD,,Profesores,C29,0,0,0,0,0,0
ESCRIBA_LA_ESCUELA,ESCRIBA_EL_PROGRAMA,AAAA-MM-DD,AAAA-MM-DD,,Profesores,C30,0,0,0,0,0,0
ESCRIBA_LA_ESCUELA,ESCRIBA_EL_PROGRAMA,AAAA-MM-DD,AAAA-MM-DD,,Profesores,C31,0,0,0,0,0,0
ESCRIBA_LA_ESCUELA,ESCRIBA_EL_PROGRAMA,AAAA-MM-DD,AAAA-MM-DD,,Profesores,C32,0,0,0,0,0,0
ESCRIBA_LA_ESCUELA,ESCRIBA_EL_PROGRAMA,AAAA-MM-DD,AAAA-MM-DD,,Profesores,C34,0,0,0,0,0,0
ESCRIBA_LA_ESCUELA,ESCRIBA_EL_PROGRAMA,AAAA-MM-DD,AAAA-MM-DD,,Profesores,C35,0,0,0,0,0,0
ESCRIBA_LA_ESCUELA,ESCRIBA_EL_PROGRAMA,AAAA-MM-DD,AAAA-MM-DD,,Profesores,C36,0,0,0,0,0,0
ESCRIBA_LA_ESCUELA,ESCRIBA_EL_PROGRAMA,AAAA-MM-DD,AAAA-MM-DD,,Profesores,C39,0,0,0,0,0,0
ESCRIBA_LA_ESCUELA,ESCRIBA_EL_PROGRAMA,AAAA-MM-DD,AAAA-MM-DD,,Profesores,C40,0,0,0,0,0,0
ESCRIBA_LA_ESCUELA,ESCRIBA_EL_PROGRAMA,AAAA-MM-DD,AAAA-MM-DD,,Profesores,C41,0,0,0,0,0,0
ESCRIBA_LA_ESCUELA,ESCRIBA_EL_PROGRAMA,AAAA-MM-DD,AAAA-MM-DD,,Profesores,C42,0,0,0,0,0,0
ESCRIBA_LA_ESCUELA,ESCRIBA_EL_PROGRAMA,AAAA-MM-DD,AAAA-MM-DD,,Profesores,C44,0,0,0,0,0,0
ESCRIBA_LA_ESCUELA,ESCRIBA_EL_PROGRAMA,AAAA-MM-DD,AAAA-MM-DD,,Profesores,C45,0,0,0,0,0,0
ESCRIBA_LA_ESCUELA,ESCRIBA_EL_PROGRAMA,AAAA-MM-DD,AAAA-MM-DD,,Profesores,C46,0,0,0,0,0,0
ESCRIBA_LA_ESCUELA,ESCRIBA_EL_PROGRAMA,AAAA-MM-DD,AAAA-MM-DD,,Profesores,C47,0,0,0,0,0,0
ESCRIBA_LA_ESCUELA,ESCRIBA_EL_PROGRAMA,AAAA-MM-DD,AAAA-MM-DD,,Profesores,C49,0,0,0,0,0,0
ESCRIBA_LA_ESCUELA,ESCRIBA_EL_PROGRAMA,AAAA-MM-DD,AAAA-MM-DD,,Profesores,C50,0,0,0,0,0,0
ESCRIBA_LA_ESCUELA,ESCRIBA_EL_PROGRAMA,AAAA-MM-DD,AAAA-MM-DD,,Profesores,C51,0,0,0,0,0,0
ESCRIBA_LA_ESCUELA,ESCRIBA_EL_PROGRAMA,AAAA-MM-DD,AAAA-MM-DD,,Empleadores,C02,0,0,0,0,0,0
ESCRIBA_LA_ESCUELA,ESCRIBA_EL_PROGRAMA,AAAA-MM-DD,AAAA-MM-DD,,Empleadores,C16,0,0,0,0,0,0
ESCRIBA_LA_ESCUELA,ESCRIBA_EL_PROGRAMA,AAAA-MM-DD,AAAA-MM-DD,,Directivos,C11,0,0,0,0,0,0
ESCRIBA_LA_ESCUELA,ESCRIBA_EL_PROGRAMA,AAAA-MM-DD,AAAA-MM-DD,,Directivos,C12,0,0,0,0,0,0
ESCRIBA_LA_ESCUELA,ESCRIBA_EL_PROGRAMA,AAAA-MM-DD,AAAA-MM-DD,,Directivos,C13,0,0,0,0,0,0
ESCRIBA_LA_ESCUELA,ESCRIBA_EL_PROGRAMA,AAAA-MM-DD,AAAA-MM-DD,,Directivos,C14,0,0,0,0,0,0
ESCRIBA_LA_ESCUELA,ESCRIBA_EL_PROGRAMA,AAAA-MM-DD,AAAA-MM-DD,,Directivos,C48,0,0,0,0,0,0
ESCRIBA_LA_ESCUELA,ESCRIBA_EL_PROGRAMA,AAAA-MM-DD,AAAA-MM-DD,,Directivos,C50,0,0,0,0,0,0
ESCRIBA_LA_ESCUELA,ESCRIBA_EL_PROGRAMA,AAAA-MM-DD,AAAA-MM-DD,,Egresados,C15,0,0,0,0,0,0
ESCRIBA_LA_ESCUELA,ESCRIBA_EL_PROGRAMA,AAAA-MM-DD,AAAA-MM-DD,,Egresados,C21,0,0,0,0,0,0
ESCRIBA_LA_ESCUELA,ESCRIBA_EL_PROGRAMA,AAAA-MM-DD,AAAA-MM-DD,,Egresados,C27,0,0,0,0,0,0
ESCRIBA_LA_ESCUELA,ESCRIBA_EL_PROGRAMA,AAAA-MM-DD,AAAA-MM-DD,,Egresados,C43,0,0,0,0,0,0
ESCRIBA_LA_ESCUELA,ESCRIBA_EL_PROGRAMA,AAAA-MM-DD,AAAA-MM-DD,,Administrativos,C36,0,0,0,0,0,0
